"Name","Sweep","Runtime","State","Created","best_eval_top1","unc-module","n_few_shot","dataset","loss","model","lr","num-heads","initial-checkpoint","best_test_avg_downstream_auroc_correct","best_test_avg_downstream_auroc_correct_mixed","best_test_avg_downstream_auroc_ood","best_furthertest_avg_downstream_auroc_correct","best_test_avg_downstream_r1","best_furthertest_avg_downstream_r1","best_test_avg_downstream_croppedHasBiggerUnc","best_furthertest_avg_downstream_croppedHasBiggerUnc","best_eval_avg_downstream_auroc_correct","best_eval_avg_downstream_auroc_correct_mixed","best_eval_avg_downstream_auroc_ood","best_eval_avg_downstream_croppedHasBiggerUnc","best_eval_avg_downstream_r1","eval_avg_downstream_auroc_correct","eval_avg_downstream_croppedHasBiggerUnc","eval_avg_downstream_r1","best_eval_auroc_correct","best_eval_r1","eval_time_per_sample"
"cerulean-sweep-3","o9wncyh4","1606","finished","2023-08-15T13:37:58.000Z","71.7","embed-norm","","torch/imagenet","infonce","resnet50","0","","./output/train/20230512-233926410123-resnet50-224/checkpoint-0.pth.tar","0.5207","0.6776793599128723","0.7432936827341715","","0.3751","","0.5729000000000001","","0.5499","0.6690516869227091","0.7251359025637308","0.5762333333333333","0.3819999999999999","0.5499","0.5762333333333333","0.3819999999999999","0.72","0.6632","0.3583326048278809"
"comfy-sweep-3","r43y8q69","0","crashed","2023-08-15T13:13:33.000Z","","embed-norm","","","infonce","vit_medium_patch16_gap_256","","","./output/train/20230517-155349201670-vit_medium_patch16_gap_256-256/checkpoint-0.pth.tar","","","","","","","","","","","","","","","","","","",""
"ethereal-sweep-2","o9wncyh4","1678","finished","2023-08-15T13:09:56.000Z","71.716","embed-norm","","torch/imagenet","infonce","resnet50","0","","./output/train/20230518-182400575977-resnet50-224/checkpoint-0.pth.tar","0.5198","0.6761115789413452","0.7392194271087646","","0.37506666666666666","","0.5773333333333334","","0.5467333333333334","0.664941132068634","0.7200177311897278","0.5837","0.3820666666666666","0.5467333333333334","0.5837","0.3820666666666666","0.7164","0.6635","0.3573591187286377"
"copper-sweep-2","r43y8q69","936","finished","2023-08-15T12:57:52.000Z","42.122","embed-norm","","torch/imagenet","infonce","vit_medium_patch16_gap_256","0","","./output/train/20230520-010056618787-vit_medium_patch16_gap_256-256/checkpoint-2.pth.tar","0.5148666666666667","0.5824885169665018","0.532382587591807","","0.28163333333333335","","0.3862666666666667","","0.5237333333333334","0.581286350886027","0.5261415541172028","0.4052","0.28509999999999996","0.5237333333333334","0.4052","0.28509999999999996","0.6441","0.3685","0.2319501734161377"
"youthful-sweep-1","o9wncyh4","1579","finished","2023-08-15T12:43:36.000Z","71.574","embed-norm","","torch/imagenet","infonce","resnet50","0","","./output/train/20230518-182400576070-resnet50-224/checkpoint-0.pth.tar","0.5204666666666666","0.6758469939231873","0.7377288937568665","","0.3718666666666666","","0.5567","","0.5524000000000001","0.6674534479777018","0.7237269481023153","0.5631666666666666","0.38053333333333333","0.5524000000000001","0.5631666666666666","0.38053333333333333","0.7149","0.6631","0.35636036254882814"
"rose-sweep-1","r43y8q69","1021","finished","2023-08-15T12:40:50.000Z","78.44","embed-norm","","torch/imagenet","infonce","vit_medium_patch16_gap_256","0","","./output/train/20230520-010222180085-vit_medium_patch16_gap_256-256/checkpoint-0.pth.tar","0.5089666666666667","0.6271485090255737","0.7218863169352213","","0.4628666666666666","","0.3817333333333333","","0.5375","0.6102569103240967","0.6805036664009094","0.38053333333333333","0.44716666666666666","0.5375","0.38053333333333333","0.44716666666666666","0.6883","0.7447","0.2798500325775147"
"splendid-sweep-3","c66fvd3o","1537","finished","2023-08-15T12:30:47.000Z","55.512","class-entropy","","torch/imagenet","cross-entropy","resnet50","0","10","./output/train/20230626-112159799463-resnet50-224/checkpoint-5.pth.tar","0.5341","0.6727061867713928","0.6192824443181356","","0.37943333333333334","","0.7436666666666666","","0.5670666666666666","0.6738294363021851","0.5925410389900208","0.7500666666666667","0.3826333333333334","0.5670666666666666","0.7500666666666667","0.3826333333333334","0.7763","0.4904","0.4744524132537842"
"radiant-sweep-3","1ns09tlv","1623","finished","2023-08-15T12:29:23.000Z","57.536","pred-net","","torch/imagenet","riskpred","resnet50","0","","./output/train/20230511-102618355229-resnet50-224/checkpoint-2.pth.tar","0.5592666666666667","0.6573082804679871","0.48579927782217663","","0.3911","","0.8976999999999999","","0.5905333333333334","0.6751360098520914","0.49344825247923535","0.8945","0.39033333333333325","0.5905333333333334","0.8945","0.39033333333333325","0.7469","0.464","0.4701069486236572"
"proud-sweep-2","c66fvd3o","1583","finished","2023-08-15T12:04:20.000Z","56.332","class-entropy","","torch/imagenet","cross-entropy","resnet50","0","10","./output/train/20230703-102657323558-resnet50-224/checkpoint-6.pth.tar","0.5288666666666667","0.671000599861145","0.6072784066200256","","0.3942666666666667","","0.7750666666666666","","0.5511","0.6752701203028361","0.578536460796992","0.7707333333333333","0.4045666666666667","0.5511","0.7707333333333333","0.4045666666666667","0.7837","0.4884","0.4733703207397461"
"ethereal-sweep-2","1ns09tlv","1680","finished","2023-08-15T12:01:18.000Z","69.79","pred-net","","torch/imagenet","riskpred","resnet50","0","","./output/train/20230518-182858114199-resnet50-224/checkpoint-1.pth.tar","0.5413666666666667","0.6820324063301086","0.631635586420695","","0.4363","","0.8513666666666667","","0.5771333333333333","0.6935763359069824","0.625945250193278","0.8487333333333335","0.4378","0.5771333333333333","0.8487333333333335","0.4378","0.796","0.5941","0.4710565584564209"
"rural-sweep-1","c66fvd3o","1708","finished","2023-08-15T11:35:51.000Z","63.178","class-entropy","","torch/imagenet","cross-entropy","resnet50","0","10","./output/train/20230703-102657691930-resnet50-224/checkpoint-3.pth.tar","0.5075","0.6840548316637675","0.6448008020718893","","0.33370000000000005","","0.7457666666666666","","0.5495333333333333","0.6862435539563497","0.6283097664515177","0.7365333333333334","0.3594333333333333","0.5495333333333333","0.7365333333333334","0.3594333333333333","0.7778","0.5769","0.4788321439361573"
"fast-sweep-1","1ns09tlv","1831","finished","2023-08-15T11:30:46.000Z","57.752","pred-net","","torch/imagenet","riskpred","resnet50","0","","./output/train/20230518-182858114188-resnet50-224/checkpoint-2.pth.tar","0.5480999999999999","0.6557644208272299","0.530107115705808","","0.35836666666666667","","0.8771","","0.5736333333333333","0.673095166683197","0.5256859759489695","0.8797999999999999","0.3686","0.5736333333333333","0.8797999999999999","0.3686","0.7464","0.4588","0.4706763242340088"
"deft-sweep-3","zjatgkeu","1981","crashed","2023-08-14T22:14:23.000Z","","jsd","","torch/imagenet","cross-entropy","resnet50dropout","0","","./output/train/20230522-154620092043-resnet50dropout-224/checkpoint-0.pth.tar","","","","","","","","","","","","","","","","","","",""
"sunny-sweep-3","47iv75q9","1572","finished","2023-08-14T21:41:41.000Z","78.042","pred-net","","torch/imagenet","nivmf","resnet50","0","","./output/train/20230703-100732158854-resnet50-224/checkpoint-0.pth.tar","0.5646","0.5756741762161255","0.5481333633263906","","0.4305000000000001","","0.6982333333333334","","0.5451666666666667","0.5631928443908691","0.5216593742370605","0.7269333333333333","0.4419","0.5451666666666667","0.7269333333333333","0.4419","0.5628","0.7303","0.2442028241729736"
"glorious-sweep-3","apnmy54t","0","crashed","2023-08-14T21:37:18.000Z","","pred-net","","","hib","resnet50","","","./output/train/20230519-131620876875-resnet50-224/checkpoint-5.pth.tar","","","","","","","","","","","","","","","","","","",""
"woven-sweep-3","yeatdfjo","1559","finished","2023-08-14T21:35:48.000Z","71.782","class-entropy","","torch/imagenet","cross-entropy","resnet50","0","","./output/train/20230518-185156553486-resnet50-224/checkpoint-19.pth.tar","0.5052","0.649120052655538","0.718384842077891","","0.4111666666666667","","0.6444","","0.5256","0.6372674306233724","0.7027341524759928","0.66","0.42573333333333335","0.5256","0.66","0.42573333333333335","0.7614","0.6055","0.4758296880340576"
"firm-sweep-3","wkrzuhkg","1566","finished","2023-08-14T21:35:45.000Z","78.272","class-entropy","","torch/imagenet","cross-entropy","resnet50sngp","0","","./output/train/20230518-185615530374-resnet50sngp-224/checkpoint-14.pth.tar","0.5051","0.717600683371226","0.7262075146039327","","0.3054","","0.6759000000000001","","0.5435333333333333","0.7077504595120748","0.6984656651814779","0.6826666666666666","0.3284666666666667","0.5435333333333333","0.6826666666666666","0.3284666666666667","0.8056","0.7284","0.4741103016662598"
"apricot-sweep-2","zjatgkeu","2569","finished","2023-08-14T21:31:27.000Z","44.57","jsd","","torch/imagenet","cross-entropy","resnet50dropout","0","","./output/train/20230522-154619997253-resnet50dropout-224/checkpoint-0.pth.tar","0.4901","0.5970869461695353","0.5091065466403961","","0.2186","","0.29646666666666666","","0.5138333333333334","0.5896278222401937","0.49630741278330487","0.31083333333333335","0.23956666666666668","0.5138333333333334","0.31083333333333335","0.23956666666666668","0.6837","0.2776","1.6663498793029785"
"silvery-sweep-3","2jq3z5et","1653","finished","2023-08-14T21:31:17.000Z","48.594","pred-net","","torch/imagenet","elk","resnet50","0","","./output/train/20230505-185250304965-resnet50-224/checkpoint-3.pth.tar","0.5751","0.593812902768453","0.5344628940025965","","0.38643333333333335","","0.8563000000000001","","0.5755","0.6117260456085205","0.5369513680537542","0.8695666666666667","0.37799999999999995","0.5755","0.8695666666666667","0.37799999999999995","0.6254","0.38","0.47476764190673826"
"helpful-sweep-3","lk8ymntw","0","crashed","2023-08-14T21:31:17.000Z","","pred-net","","","mcinfonce","resnet50","","","./output/train/20230519-131650973012-resnet50-224/checkpoint-1.pth.tar","","","","","","","","","","","","","","","","","","",""
"devout-sweep-2","47iv75q9","1540","finished","2023-08-14T21:15:56.000Z","78.184","pred-net","","torch/imagenet","nivmf","resnet50","0","","./output/train/20230703-100728315414-resnet50-224/checkpoint-0.pth.tar","0.5733666666666667","0.5685789187749227","0.5443300505479177","","0.4341333333333333","","0.6765666666666666","","0.5393","0.5390330453713735","0.4979484776655833","0.7145333333333334","0.4436333333333333","0.5393","0.7145333333333334","0.4436333333333333","0.5481","0.731","0.24049140228271484"
"comfy-sweep-2","apnmy54t","1507","finished","2023-08-14T21:12:04.000Z","49.298","pred-net","","torch/imagenet","hib","resnet50","0","","./output/train/20230522-153043856997-resnet50-224/checkpoint-7.pth.tar","0.5223666666666666","0.6309407154719034","0.5339471201101939","","0.27823333333333333","","0.6014333333333334","","0.565","0.6464337507883707","0.5256314178307852","0.6349","0.28076666666666666","0.565","0.6349","0.28076666666666666","0.7152","0.3995","0.361184422454834"
"olive-sweep-3","sc7jllki","1717","finished","2023-08-14T21:11:14.000Z","66.902","class-entropy","","torch/imagenet","cross-entropy","vit_medium_patch16_gap_256dropout","0","","./output/train/20230622-174021161286-vit_medium_patch16_gap_256dropout-256/checkpoint-12.pth.tar","0.5234","0.6705459157625834","0.7000178098678589","","0.4852","","0.7115","","0.5419333333333334","0.6650524139404297","0.6751101215680441","0.7252333333333333","0.4713333333333333","0.5419333333333334","0.7252333333333333","0.4713333333333333","0.79","0.6101","1.2276455899810792"
"amber-sweep-2","wkrzuhkg","1501","finished","2023-08-14T21:10:42.000Z","76.53","class-entropy","","torch/imagenet","cross-entropy","resnet50sngp","0","","./output/train/20230522-110728873993-resnet50sngp-224/checkpoint-6.pth.tar","0.513","0.7545980215072632","0.7402162750562032","","0.24273333333333333","","0.7196666666666666","","0.5578","0.7379481395085653","0.7065684000651041","0.7258666666666667","0.27423333333333333","0.5578","0.7258666666666667","0.27423333333333333","0.8203","0.7066","0.47338006553649903"
"noble-sweep-2","yeatdfjo","1521","finished","2023-08-14T21:10:25.000Z","67.318","class-entropy","","torch/imagenet","cross-entropy","resnet50","0","","./output/train/20230518-185200709841-resnet50-224/checkpoint-4.pth.tar","0.4918666666666667","0.644205629825592","0.6809525489807129","","0.42723333333333335","","0.7052","","0.5334","0.6425552368164062","0.6580001711845398","0.7153333333333333","0.4351","0.5334","0.7153333333333333","0.4351","0.7713","0.5672","0.476889295425415"
"leafy-sweep-2","2jq3z5et","1516","finished","2023-08-14T21:05:58.000Z","59.526","pred-net","","torch/imagenet","elk","resnet50","0","","./output/train/20230518-175959836960-resnet50-224/checkpoint-2.pth.tar","0.5581999999999999","0.5726591547330221","0.41978051513433456","","0.42506666666666665","","0.8488000000000001","","0.5612333333333334","0.5964017311731974","0.4300483564535777","0.8464666666666667","0.4259333333333334","0.5612333333333334","0.8464666666666667","0.4259333333333334","0.5857","0.4924","0.47573048431396486"
"misunderstood-sweep-2","lk8ymntw","1514","finished","2023-08-14T21:05:58.000Z","72.706","pred-net","","torch/imagenet","mcinfonce","resnet50","0","","./output/train/20230522-102915224259-resnet50-224/checkpoint-1.pth.tar","0.5645333333333333","0.6441675027211508","0.6296356121699015","","0.4323333333333333","","0.6582666666666667","","0.5643333333333334","0.6371488571166992","0.611450711886088","0.6782","0.427","0.5643333333333334","0.6782","0.427","0.6723","0.6602","0.3664298819732666"
"valiant-sweep-3","zvf3wpeh","1084","finished","2023-08-14T21:03:13.000Z","72.66","class-entropy","","torch/imagenet","cross-entropy","resnet50hetxl","0","","./output/train/20230602-173851123674-resnet50hetxl-224/checkpoint-16.pth.tar","0.5092666666666666","0.7076314091682434","0.7043671607971191","","0.29466666666666663","","0.6614333333333334","","0.5411","0.6982362071673075","0.6850374738375345","0.6774333333333334","0.3208","0.5411","0.6774333333333334","0.3208","0.799","0.63","0.2882205897521973"
"frosty-sweep-3","4f7hi4hx","934","finished","2023-08-14T20:59:15.000Z","63.802","pred-net","","torch/imagenet","nivmf","vit_medium_patch16_gap_256","0","","./output/train/20230703-100044196876-vit_medium_patch16_gap_256-256/checkpoint-5.pth.tar","0.5191","0.4867030878861745","0.36515002449353534","","0.48396666666666666","","0.6993333333333335","","0.5338333333333333","0.49946435292561847","0.3928244014581044","0.6897666666666668","0.478","0.5338333333333333","0.6897666666666668","0.478","0.4641","0.5527","0.15491281898498535"
"sweet-sweep-3","zsvvbuxj","929","finished","2023-08-14T20:56:08.000Z","73.7","class-entropy","","torch/imagenet","cross-entropy","vit_medium_patch16_gap_256hetxl","0","","./output/train/20230602-174209727806-vit_medium_patch16_gap_256hetxl-256/checkpoint-0.pth.tar","0.5289666666666667","0.6543843348821005","0.663123627503713","","0.5198333333333334","","0.7309333333333333","","0.5461999999999999","0.6469286680221558","0.6329737305641174","0.7492333333333333","0.496","0.5461999999999999","0.7492333333333333","0.496","0.7378","0.7583","0.30675842918395996"
"dulcet-sweep-1","47iv75q9","1557","finished","2023-08-14T20:49:58.000Z","77.946","pred-net","","torch/imagenet","nivmf","resnet50","0","","./output/train/20230621-164518362736-resnet50-224/checkpoint-0.pth.tar","0.5632","0.56381227572759","0.5226103067398071","","0.4269","","0.7085666666666667","","0.5397666666666666","0.5381415287653605","0.4816672007242839","0.7394666666666666","0.43566666666666665","0.5397666666666666","0.7394666666666666","0.43566666666666665","0.5637","0.7289","0.23864294960021973"
"pleasant-sweep-1","zjatgkeu","2595","finished","2023-08-14T20:48:11.000Z","44.804","jsd","","torch/imagenet","cross-entropy","resnet50dropout","0","","./output/train/20230512-105051696167-resnet50dropout-224/checkpoint-0.pth.tar","0.49016666666666664","0.6001528104146322","0.5120733280976614","","0.2242666666666667","","0.2995666666666667","","0.5141","0.5913845896720886","0.4960618317127228","0.318","0.2381666666666667","0.5141","0.318","0.2381666666666667","0.6929","0.2799","1.6891035013580322"
"revived-sweep-1","apnmy54t","1557","finished","2023-08-14T20:46:06.000Z","73.042","pred-net","","torch/imagenet","hib","resnet50","0","","./output/train/20230522-153045980987-resnet50-224/checkpoint-3.pth.tar","0.5398666666666666","0.576542317867279","0.4730488359928131","","0.34526666666666667","","0.5756333333333333","","0.5539333333333333","0.5939832329750061","0.492371678352356","0.5766","0.3499333333333334","0.5539333333333333","0.5766","0.3499333333333334","0.6384","0.6076","0.35944742820739745"
"balmy-sweep-2","zvf3wpeh","1086","finished","2023-08-14T20:45:04.000Z","71.332","class-entropy","","torch/imagenet","cross-entropy","resnet50hetxl","0","","./output/train/20230602-173851131478-resnet50hetxl-224/checkpoint-10.pth.tar","0.5132","0.7171453436215719","0.6974176367123922","","0.28343333333333337","","0.6828666666666666","","0.5403","0.7043578624725342","0.6800264716148376","0.6965333333333333","0.31493333333333334","0.5403","0.6965333333333333","0.31493333333333334","0.8082","0.6208","0.2848162252807617"
"silver-sweep-1","wkrzuhkg","1569","finished","2023-08-14T20:44:32.000Z","78.382","class-entropy","","torch/imagenet","cross-entropy","resnet50sngp","0","","./output/train/20230522-110728874097-resnet50sngp-224/checkpoint-16.pth.tar","0.5116","0.7144902944564819","0.7200891375541687","","0.3159666666666667","","0.6856666666666666","","0.5464333333333333","0.7015000184377035","0.6964790026346842","0.6839333333333334","0.3429666666666667","0.5464333333333333","0.6839333333333334","0.3429666666666667","0.802","0.7266","0.47555957664489745"
"zany-sweep-2","4f7hi4hx","914","finished","2023-08-14T20:43:57.000Z","64.692","pred-net","","torch/imagenet","nivmf","vit_medium_patch16_gap_256","0","","./output/train/20230703-100044256912-vit_medium_patch16_gap_256-256/checkpoint-6.pth.tar","0.5330666666666667","0.48236321409543353","0.42479215065638226","","0.481","","0.7682000000000001","","0.5378","0.4979119698206584","0.4187110861142476","0.7622","0.47396666666666665","0.5378","0.7622","0.47396666666666665","0.4508","0.5565","0.1545912937927246"
"jumping-sweep-1","yeatdfjo","1657","finished","2023-08-14T20:42:47.000Z","65.028","class-entropy","","torch/imagenet","cross-entropy","resnet50","0","","./output/train/20230518-185202899590-resnet50-224/checkpoint-9.pth.tar","0.516","0.6511218349138895","0.6777569055557251","","0.3834666666666667","","0.6828333333333333","","0.5326666666666666","0.6399656534194946","0.6583617925643921","0.6914333333333333","0.3940666666666666","0.5326666666666666","0.6914333333333333","0.3940666666666666","0.7653","0.5343","0.4702314315032959"
"daily-sweep-2","sc7jllki","1717","finished","2023-08-14T20:42:32.000Z","63.22","class-entropy","","torch/imagenet","cross-entropy","vit_medium_patch16_gap_256dropout","0","","./output/train/20230703-111733232268-vit_medium_patch16_gap_256dropout-256/checkpoint-6.pth.tar","0.5188","0.6595187385876974","0.6696897546450297","","0.4751","","0.6505000000000001","","0.5445666666666668","0.6583102941513062","0.6421609123547872","0.6688000000000001","0.4773333333333334","0.5445666666666668","0.6688000000000001","0.4773333333333334","0.7859","0.5751","1.2300143005371094"
"decent-sweep-2","zsvvbuxj","908","finished","2023-08-14T20:40:55.000Z","81.738","class-entropy","","torch/imagenet","cross-entropy","vit_medium_patch16_gap_256hetxl","0","","./output/train/20230602-173544815196-vit_medium_patch16_gap_256hetxl-256/checkpoint-1.pth.tar","0.5245000000000001","0.691739539305369","0.8103389342625936","","0.5135","","0.6502333333333333","","0.5419999999999999","0.6832245588302612","0.7634802063306173","0.6440333333333333","0.4847","0.5419999999999999","0.6440333333333333","0.4847","0.7961","0.7966","0.3081088123321533"
"copper-sweep-3","bslnnctm","0","crashed","2023-08-14T20:40:22.000Z","","class-entropy","","","cross-entropy","vit_medium_patch16_gap_256","","","./output/train/20230515-201905253598-vit_medium_patch16_gap_256-256/checkpoint-6.pth.tar","","","","","","","","","","","","","","","","","","",""
"pretty-sweep-3","7ivfjh36","929","finished","2023-08-14T20:39:53.000Z","46.818","class-entropy","","torch/imagenet","cross-entropy","vit_medium_patch16_gap_256","0","10","./output/train/20230703-103227707171-vit_medium_patch16_gap_256-256/checkpoint-5.pth.tar","0.5311","0.6454164783159891","0.5099285145600637","","0.4108333333333334","","0.7683333333333332","","0.5430333333333334","0.6408205429712931","0.4832088549931844","0.7666666666666666","0.41146666666666665","0.5430333333333334","0.7666666666666666","0.41146666666666665","0.7567","0.4059","0.305036834564209"
"snowy-sweep-3","eprxhgn3","992","finished","2023-08-14T20:39:26.000Z","79.992","class-entropy","","torch/imagenet","cross-entropy","vit_medium_patch16_gap_256sngp","0","","./output/train/20230517-110251988515-vit_medium_patch16_gap_256sngp-256/checkpoint-2.pth.tar","0.578","0.7421768109003702","0.800624410311381","","0.4041","","0.6313","","0.5907333333333334","0.7296091715494791","0.7519495685895284","0.6543333333333333","0.3955333333333333","0.5907333333333334","0.6543333333333333","0.3955333333333333","0.8047","0.7782","0.3663104225158691"
"gallant-sweep-3","kcahjo3u","919","finished","2023-08-14T20:38:14.000Z","0.104","pred-net","","torch/imagenet","hib","vit_medium_patch16_gap_256","0","","./output/train/20230522-153709177782-vit_medium_patch16_gap_256-256/checkpoint-0.pth.tar","0.5604","0.5748283465703329","0.45438894629478455","","0.22386666666666663","","0.6532333333333333","","0.5726333333333334","0.5752275387446085","0.47224411368370056","0.6391333333333334","0.2197","0.5726333333333334","0.6391333333333334","0.2197","0.5567","0.1137","0.11719883499145509"
"pleasant-sweep-1","lk8ymntw","1765","finished","2023-08-14T20:36:32.000Z","72.61","pred-net","","torch/imagenet","mcinfonce","resnet50","0","","./output/train/20230522-102914532252-resnet50-224/checkpoint-1.pth.tar","0.5683666666666667","0.6151373982429504","0.5650689204533895","","0.42946666666666666","","0.6754333333333333","","0.5666666666666668","0.6064949234326681","0.5502982238928477","0.6880000000000001","0.42333333333333334","0.5666666666666668","0.6880000000000001","0.42333333333333334","0.629","0.6554","0.35675965034484863"
"sunny-sweep-3","5lvtdsrw","920","finished","2023-08-14T20:36:19.000Z","79.326","pred-net","","torch/imagenet","mcinfonce","vit_medium_patch16_gap_256","0","","./output/train/20230522-125210190191-vit_medium_patch16_gap_256-256/checkpoint-0.pth.tar","0.503","0.6419235269228617","0.7455429037412008","","0.48740000000000006","","0.573","","0.5236","0.6307890216509501","0.7138177156448364","0.5959","0.4714666666666667","0.5236","0.5959","0.4714666666666667","0.7238","0.7617","0.2262962651062012"
"eternal-sweep-1","2jq3z5et","1884","finished","2023-08-14T20:34:33.000Z","43.614","pred-net","","torch/imagenet","elk","resnet50","0","","./output/train/20230518-175959672760-resnet50-224/checkpoint-3.pth.tar","0.5460666666666667","0.5930755138397217","0.4484778543313344","","0.3602","","0.8743","","0.5568666666666667","0.6062744458516439","0.4570109595855077","0.8770333333333333","0.3529","0.5568666666666667","0.8770333333333333","0.3529","0.6242","0.3516","0.5063173995971679"
"expert-sweep-3","44v39zxy","0","crashed","2023-08-14T20:32:02.000Z","","pred-net","","","riskpred","vit_medium_patch16_gap_256","","","./output/train/20230513-120140354410-vit_medium_patch16_gap_256-256/checkpoint-12.pth.tar","","","","","","","","","","","","","","","","","","",""
"zesty-sweep-1","4f7hi4hx","957","finished","2023-08-14T20:27:59.000Z","64.556","pred-net","","torch/imagenet","nivmf","vit_medium_patch16_gap_256","0","","./output/train/20230621-171357443233-vit_medium_patch16_gap_256-256/checkpoint-6.pth.tar","0.5142666666666666","0.49312056104342145","0.3821038951476415","","0.4876666666666667","","0.7143333333333333","","0.5433333333333333","0.5213749806086222","0.4102399547894795","0.6966666666666668","0.4774333333333334","0.5433333333333333","0.6966666666666668","0.4774333333333334","0.4463","0.5572","0.16064768173217772"
"golden-sweep-1","zvf3wpeh","1116","finished","2023-08-14T20:26:26.000Z","70.754","class-entropy","","torch/imagenet","cross-entropy","resnet50hetxl","0","","./output/train/20230601-004705514080-resnet50hetxl-256/checkpoint-9.pth.tar","0.5168666666666667","0.7217876513799032","0.7009144226710001","","0.2743","","0.6694","","0.5389333333333334","0.7107641299565634","0.6730055212974548","0.6932333333333333","0.30073333333333335","0.5389333333333334","0.6932333333333333","0.30073333333333335","0.812","0.615","0.2976507088470459"
"wandering-sweep-1","zsvvbuxj","952","finished","2023-08-14T20:25:02.000Z","82.744","class-entropy","","torch/imagenet","cross-entropy","vit_medium_patch16_gap_256hetxl","0","","./output/train/20230601-004722828632-vit_medium_patch16_gap_256hetxl-256/checkpoint-3.pth.tar","0.5337333333333333","0.6951987544695536","0.8055657943089803","","0.5120333333333333","","0.6302","","0.5474","0.6925484736760458","0.7589175502459208","0.6555333333333334","0.4935","0.5474","0.6555333333333334","0.4935","0.8019","0.8005","0.3193638548278809"
"trim-sweep-2","bslnnctm","944","finished","2023-08-14T20:24:33.000Z","44.634","class-entropy","","torch/imagenet","cross-entropy","vit_medium_patch16_gap_256","0","","./output/train/20230522-123438090221-vit_medium_patch16_gap_256-256/checkpoint-5.pth.tar","0.5291666666666667","0.6451167066891988","0.5509003003438314","","0.3938333333333333","","0.7211666666666666","","0.5455666666666666","0.6448050538698832","0.5095431009928385","0.7330333333333332","0.4056","0.5455666666666666","0.7330333333333332","0.4056","0.7739","0.3812","0.3630782158660889"
"breezy-sweep-2","7ivfjh36","919","finished","2023-08-14T20:24:25.000Z","45.08","class-entropy","","torch/imagenet","cross-entropy","vit_medium_patch16_gap_256","0","10","./output/train/20230703-103227695204-vit_medium_patch16_gap_256-256/checkpoint-5.pth.tar","0.5139","0.6462374528249105","0.49416978160540265","","0.40186666666666665","","0.7789333333333333","","0.5322","0.6496484676996866","0.47991909583409625","0.7804666666666668","0.3997","0.5322","0.7804666666666668","0.3997","0.7686","0.3955","0.30215038414001466"
"desert-sweep-2","eprxhgn3","999","finished","2023-08-14T20:22:41.000Z","80.062","class-entropy","","torch/imagenet","cross-entropy","vit_medium_patch16_gap_256sngp","0","","./output/train/20230522-111926269962-vit_medium_patch16_gap_256sngp-256/checkpoint-2.pth.tar","0.5620333333333333","0.7239689032236735","0.7898992697397867","","0.41073333333333334","","0.6520333333333334","","0.5741999999999999","0.7124262054761251","0.7285347580909729","0.6870333333333333","0.40103333333333335","0.5741999999999999","0.6870333333333333","0.40103333333333335","0.8078","0.7759","0.3600119027709961"
"feasible-sweep-2","kcahjo3u","939","finished","2023-08-14T20:22:31.000Z","0.108","pred-net","","torch/imagenet","hib","vit_medium_patch16_gap_256","0","","./output/train/20230522-153627268406-vit_medium_patch16_gap_256-256/checkpoint-2.pth.tar","0.5527333333333333","0.5598103801409403","0.5","","0.035366666666666664","","0.5442333333333333","","0.5297333333333333","0.5395501852035522","0.5","0.5678666666666666","0.03563333333333333","0.5297333333333333","0.5678666666666666","0.03563333333333333","0.4973","0.0051","0.12138673652648926"
"rosy-sweep-1","kcahjo3u","0","crashed","2023-08-14T20:21:59.000Z","","pred-net","","","hib","vit_medium_patch16_gap_256","","","./output/train/20230512-120522598422-vit_medium_patch16_gap_256-256/checkpoint-0.pth.tar","","","","","","","","","","","","","","","","","","",""
"rosy-sweep-2","5lvtdsrw","929","finished","2023-08-14T20:20:45.000Z","79.392","pred-net","","torch/imagenet","mcinfonce","vit_medium_patch16_gap_256","0","","./output/train/20230522-125210010706-vit_medium_patch16_gap_256-256/checkpoint-0.pth.tar","0.4861","0.6307871143023173","0.7248991926511129","","0.4952666666666666","","0.5997666666666667","","0.5204","0.629285474618276","0.7105088432629904","0.6094","0.4782333333333333","0.5204","0.6094","0.4782333333333333","0.7147","0.7636","0.23259059051513672"
"swift-sweep-1","5lvtdsrw","0","crashed","2023-08-14T20:20:19.000Z","","pred-net","","","mcinfonce","vit_medium_patch16_gap_256","","","./output/train/20230517-041115385760-vit_medium_patch16_gap_256-256/checkpoint-0.pth.tar","","","","","","","","","","","","","","","","","","",""
"happy-sweep-2","44v39zxy","923","finished","2023-08-14T20:16:35.000Z","74.124","pred-net","","torch/imagenet","riskpred","vit_medium_patch16_gap_256","0","","./output/train/20230518-202621174496-vit_medium_patch16_gap_256-256/checkpoint-18.pth.tar","0.5208666666666667","0.5761945843696594","0.5141377747058868","","0.5547333333333333","","0.8706333333333333","","0.5352","0.5881674885749817","0.507652739683787","0.8656333333333333","0.5375","0.5352","0.8656333333333333","0.5375","0.6141","0.6443","0.1524223087310791"
"fresh-sweep-1","sc7jllki","1755","finished","2023-08-14T20:13:16.000Z","64.514","class-entropy","","torch/imagenet","cross-entropy","vit_medium_patch16_gap_256dropout","0","","./output/train/20230703-111733225402-vit_medium_patch16_gap_256dropout-256/checkpoint-8.pth.tar","0.5231333333333333","0.6547825932502747","0.6888982454935709","","0.4772333333333334","","0.6969333333333333","","0.5361333333333334","0.6407563289006551","0.6672446926434835","0.7161333333333334","0.481","0.5361333333333334","0.7161333333333334","0.481","0.7805","0.5812","1.2434250072479247"
"confused-sweep-3","qiv1nw2y","912","finished","2023-08-14T20:09:02.000Z","53.57","pred-net","","torch/imagenet","elk","vit_medium_patch16_gap_256","0","","./output/train/20230518-201129645089-vit_medium_patch16_gap_256-256/checkpoint-2.pth.tar","0.5667666666666666","0.5738456845283508","0.5411955316861471","","0.43883333333333335","","0.7352666666666666","","0.5542333333333334","0.5940560301144918","0.5511188805103302","0.7248","0.4385666666666667","0.5542333333333334","0.7248","0.4385666666666667","0.555","0.4699","0.15264819297790527"
"deep-sweep-1","bslnnctm","956","finished","2023-08-14T20:08:36.000Z","53.866","class-entropy","","torch/imagenet","cross-entropy","vit_medium_patch16_gap_256","0","","./output/train/20230522-123438210796-vit_medium_patch16_gap_256-256/checkpoint-4.pth.tar","0.5166333333333334","0.6476098497708639","0.5692659616470337","","0.4360333333333334","","0.7017666666666668","","0.5482333333333335","0.6365367968877157","0.5623786449432373","0.6979333333333333","0.44016666666666665","0.5482333333333335","0.6979333333333333","0.44016666666666665","0.7671","0.4744","0.3587327784729004"
"expert-sweep-1","7ivfjh36","1045","finished","2023-08-14T20:06:59.000Z","53.552","class-entropy","","torch/imagenet","cross-entropy","vit_medium_patch16_gap_256","0","10","./output/train/20230630-144551723999-vit_medium_patch16_gap_256-256/checkpoint-4.pth.tar","0.5204333333333334","0.6419976552327474","0.5420818328857422","","0.4143666666666667","","0.7279","","0.5409666666666667","0.638666033744812","0.5223110715548197","0.7248","0.4281333333333333","0.5409666666666667","0.7248","0.4281333333333333","0.7477","0.4882","0.363969503326416"
"solar-sweep-1","eprxhgn3","1056","finished","2023-08-14T20:05:04.000Z","79.986","class-entropy","","torch/imagenet","cross-entropy","vit_medium_patch16_gap_256sngp","0","","./output/train/20230522-111926269503-vit_medium_patch16_gap_256sngp-256/checkpoint-2.pth.tar","0.5530333333333334","0.7293674151102701","0.8046446839968363","","0.4192","","0.6566333333333333","","0.5777","0.7232412695884705","0.7530736724535624","0.6725666666666665","0.41186666666666666","0.5777","0.6725666666666665","0.41186666666666666","0.8088","0.7783","0.3806664671325683"
"dainty-sweep-1","44v39zxy","951","finished","2023-08-14T20:00:42.000Z","64.776","pred-net","","torch/imagenet","riskpred","vit_medium_patch16_gap_256","0","","./output/train/20230518-202621121362-vit_medium_patch16_gap_256-256/checkpoint-5.pth.tar","0.508","0.5337416529655457","0.5115003983179728","","0.4947000000000001","","0.8902333333333333","","0.5172666666666667","0.5417724251747131","0.506756196419398","0.8990666666666666","0.4873","0.5172666666666667","0.8990666666666666","0.4873","0.5491","0.5742","0.17565624015808107"
"pious-sweep-2","qiv1nw2y","1051","finished","2023-08-14T19:51:23.000Z","5.234","pred-net","","torch/imagenet","elk","vit_medium_patch16_gap_256","0","","./output/train/20230518-200824476739-vit_medium_patch16_gap_256-256/checkpoint-3.pth.tar","0.5635","0.6043874422709147","0.386926790078481","","0.18253333333333333","","0.7636","","0.5743333333333333","0.6130500237147013","0.37667841215928394","0.7739333333333334","0.18666666666666668","0.5743333333333333","0.7739333333333334","0.18666666666666668","0.6171","0.05","0.19684485054016113"
"driven-sweep-1","qiv1nw2y","0","crashed","2023-08-14T19:51:13.000Z","","pred-net","","","elk","vit_medium_patch16_gap_256","","","./output/train/20230512-065034522021-vit_medium_patch16_gap_256-256/checkpoint-2.pth.tar","","","","","","","","","","","","","","","","","","",""